country,cnt
Argentina,ARG
Argentina,ARG
Argentina,ARG
Argentina,ARG
Argentina,ARG
Argentina,ARG
Argentina,ARG
Argentina,ARG
Argentina,ARG
Argentina,ARG
Argentina,ARG
Argentina,ARG
Argentina,ARG
Argentina,ARG
Argentina,ARG
Argentina,ARG
Argentina,ARG
Argentina,ARG
Argentina,ARG
Argentina,ARG
Argentina,ARG
Argentina,ARG
Argentina,ARG
Argentina,ARG
Argentina,ARG
Argentina,ARG
Argentina,ARG
Argentina,ARG
Argentina,ARG
Argentina,ARG
Argentina,ARG
Argentina,ARG
Argentina,ARG
Argentina,ARG
Argentina,ARG
Argentina,ARG
Argentina,ARG
Argentina,ARG
Argentina,ARG
Argentina,ARG
Argentina,ARG
Argentina,ARG
Argentina,ARG
Argentina,ARG
Argentina,ARG
Argentina,ARG
Argentina,ARG
Argentina,ARG
Argentina,ARG
Argentina,ARG
Argentina,ARG
Argentina,ARG
Argentina,ARG
Argentina,ARG
Argentina,ARG
Argentina,ARG
Argentina,ARG
Argentina,ARG
Argentina,ARG
Argentina,ARG
Argentina,ARG
Argentina,ARG
Argentina,ARG
Argentina,ARG
Argentina,ARG
Argentina,ARG
Argentina,ARG
Argentina,ARG
Argentina,ARG
Argentina,ARG
Argentina,ARG
Argentina,ARG
Argentina,ARG
Argentina,ARG
Argentina,ARG
Argentina,ARG
Argentina,ARG
Argentina,ARG
Argentina,ARG
Argentina,ARG
Argentina,ARG
Argentina,ARG
Argentina,ARG
Argentina,ARG
Argentina,ARG
Argentina,ARG
Argentina,ARG
Bangladesh,BGD
Bangladesh,BGD
Bangladesh,BGD
Bangladesh,BGD
Bangladesh,BGD
Bangladesh,BGD
Bangladesh,BGD
Bangladesh,BGD
Bangladesh,BGD
Bangladesh,BGD
Bangladesh,BGD
Bangladesh,BGD
Bangladesh,BGD
Bangladesh,BGD
Bangladesh,BGD
Bangladesh,BGD
Bangladesh,BGD
Bangladesh,BGD
Bangladesh,BGD
Bangladesh,BGD
Bangladesh,BGD
Bangladesh,BGD
Bangladesh,BGD
Bangladesh,BGD
Bangladesh,BGD
Bangladesh,BGD
Bangladesh,BGD
Bangladesh,BGD
Bangladesh,BGD
Bangladesh,BGD
Bangladesh,BGD
Bangladesh,BGD
Bangladesh,BGD
Bangladesh,BGD
Bangladesh,BGD
Bangladesh,BGD
Bangladesh,BGD
Bangladesh,BGD
Bangladesh,BGD
Bangladesh,BGD
Bangladesh,BGD
Bangladesh,BGD
Bangladesh,BGD
Bangladesh,BGD
Bangladesh,BGD
Bangladesh,BGD
Bangladesh,BGD
Bangladesh,BGD
Bangladesh,BGD
Bangladesh,BGD
Bangladesh,BGD
Bangladesh,BGD
Bangladesh,BGD
Bangladesh,BGD
Bangladesh,BGD
Bangladesh,BGD
Bangladesh,BGD
Bangladesh,BGD
Bangladesh,BGD
Bangladesh,BGD
Bangladesh,BGD
Bangladesh,BGD
Bangladesh,BGD
Bangladesh,BGD
Bangladesh,BGD
Bangladesh,BGD
Bangladesh,BGD
Bangladesh,BGD
Bangladesh,BGD
Bangladesh,BGD
Bangladesh,BGD
Bangladesh,BGD
Bangladesh,BGD
Bangladesh,BGD
Bangladesh,BGD
Bangladesh,BGD
Bangladesh,BGD
Bangladesh,BGD
Bangladesh,BGD
Bangladesh,BGD
Bangladesh,BGD
Bangladesh,BGD
Bangladesh,BGD
Bangladesh,BGD
Bangladesh,BGD
Bangladesh,BGD
Bangladesh,BGD
Bolivia,BOL
Bolivia,BOL
Bolivia,BOL
Bolivia,BOL
Bolivia,BOL
Bolivia,BOL
Bolivia,BOL
Bolivia,BOL
Bolivia,BOL
Bolivia,BOL
Bolivia,BOL
Bolivia,BOL
Bolivia,BOL
Bolivia,BOL
Bolivia,BOL
Bolivia,BOL
Bolivia,BOL
Bolivia,BOL
Bolivia,BOL
Bolivia,BOL
Bolivia,BOL
Bolivia,BOL
Bolivia,BOL
Bolivia,BOL
Bolivia,BOL
Bolivia,BOL
Bolivia,BOL
Bolivia,BOL
Bolivia,BOL
Bolivia,BOL
Bolivia,BOL
Bolivia,BOL
Bolivia,BOL
Bolivia,BOL
Bolivia,BOL
Bolivia,BOL
Bolivia,BOL
Bolivia,BOL
Bolivia,BOL
Bolivia,BOL
Bolivia,BOL
Bolivia,BOL
Bolivia,BOL
Bolivia,BOL
Bolivia,BOL
Bolivia,BOL
Bolivia,BOL
Bolivia,BOL
Bolivia,BOL
Bolivia,BOL
Bolivia,BOL
Bolivia,BOL
Bolivia,BOL
Bolivia,BOL
Bolivia,BOL
Bolivia,BOL
Bolivia,BOL
Bolivia,BOL
Bolivia,BOL
Bolivia,BOL
Bolivia,BOL
Bolivia,BOL
Bolivia,BOL
Bolivia,BOL
Bolivia,BOL
Bolivia,BOL
Bolivia,BOL
Bolivia,BOL
Bolivia,BOL
Bolivia,BOL
Bolivia,BOL
Bolivia,BOL
Bolivia,BOL
Bolivia,BOL
Bolivia,BOL
Bolivia,BOL
Bolivia,BOL
Bolivia,BOL
Bolivia,BOL
Bolivia,BOL
Bolivia,BOL
Bolivia,BOL
Bolivia,BOL
Bolivia,BOL
Bolivia,BOL
Bolivia,BOL
Bolivia,BOL
Botswana,BWA
Botswana,BWA
Botswana,BWA
Botswana,BWA
Botswana,BWA
Botswana,BWA
Botswana,BWA
Botswana,BWA
Botswana,BWA
Botswana,BWA
Botswana,BWA
Botswana,BWA
Botswana,BWA
Botswana,BWA
Botswana,BWA
Botswana,BWA
Botswana,BWA
Botswana,BWA
Botswana,BWA
Botswana,BWA
Botswana,BWA
Botswana,BWA
Botswana,BWA
Botswana,BWA
Botswana,BWA
Botswana,BWA
Botswana,BWA
Botswana,BWA
Botswana,BWA
Botswana,BWA
Botswana,BWA
Botswana,BWA
Botswana,BWA
Botswana,BWA
Botswana,BWA
Botswana,BWA
Botswana,BWA
Botswana,BWA
Botswana,BWA
Botswana,BWA
Botswana,BWA
Botswana,BWA
Botswana,BWA
Botswana,BWA
Botswana,BWA
Botswana,BWA
Botswana,BWA
Botswana,BWA
Botswana,BWA
Botswana,BWA
Botswana,BWA
Botswana,BWA
Botswana,BWA
Botswana,BWA
Botswana,BWA
Botswana,BWA
Botswana,BWA
Botswana,BWA
Botswana,BWA
Botswana,BWA
Botswana,BWA
Botswana,BWA
Botswana,BWA
Botswana,BWA
Botswana,BWA
Botswana,BWA
Botswana,BWA
Botswana,BWA
Botswana,BWA
Botswana,BWA
Botswana,BWA
Botswana,BWA
Botswana,BWA
Botswana,BWA
Botswana,BWA
Botswana,BWA
Botswana,BWA
Botswana,BWA
Botswana,BWA
Botswana,BWA
Botswana,BWA
Botswana,BWA
Botswana,BWA
Botswana,BWA
Botswana,BWA
Botswana,BWA
Botswana,BWA
Brazil,BRA
Brazil,BRA
Brazil,BRA
Brazil,BRA
Brazil,BRA
Brazil,BRA
Brazil,BRA
Brazil,BRA
Brazil,BRA
Brazil,BRA
Brazil,BRA
Brazil,BRA
Brazil,BRA
Brazil,BRA
Brazil,BRA
Brazil,BRA
Brazil,BRA
Brazil,BRA
Brazil,BRA
Brazil,BRA
Brazil,BRA
Brazil,BRA
Brazil,BRA
Brazil,BRA
Brazil,BRA
Brazil,BRA
Brazil,BRA
Brazil,BRA
Brazil,BRA
Brazil,BRA
Brazil,BRA
Brazil,BRA
Brazil,BRA
Brazil,BRA
Brazil,BRA
Brazil,BRA
Brazil,BRA
Brazil,BRA
Brazil,BRA
Brazil,BRA
Brazil,BRA
Brazil,BRA
Brazil,BRA
Brazil,BRA
Brazil,BRA
Brazil,BRA
Brazil,BRA
Brazil,BRA
Brazil,BRA
Brazil,BRA
Brazil,BRA
Brazil,BRA
Brazil,BRA
Brazil,BRA
Brazil,BRA
Brazil,BRA
Brazil,BRA
Brazil,BRA
Brazil,BRA
Brazil,BRA
Brazil,BRA
Brazil,BRA
Brazil,BRA
Brazil,BRA
Brazil,BRA
Brazil,BRA
Brazil,BRA
Brazil,BRA
Brazil,BRA
Brazil,BRA
Brazil,BRA
Brazil,BRA
Brazil,BRA
Brazil,BRA
Brazil,BRA
Brazil,BRA
Brazil,BRA
Brazil,BRA
Brazil,BRA
Brazil,BRA
Brazil,BRA
Brazil,BRA
Brazil,BRA
Brazil,BRA
Brazil,BRA
Brazil,BRA
Brazil,BRA
Burkina Faso,BFA
Burkina Faso,BFA
Burkina Faso,BFA
Burkina Faso,BFA
Burkina Faso,BFA
Burkina Faso,BFA
Burkina Faso,BFA
Burkina Faso,BFA
Burkina Faso,BFA
Burkina Faso,BFA
Burkina Faso,BFA
Burkina Faso,BFA
Burkina Faso,BFA
Burkina Faso,BFA
Burkina Faso,BFA
Burkina Faso,BFA
Burkina Faso,BFA
Burkina Faso,BFA
Burkina Faso,BFA
Burkina Faso,BFA
Burkina Faso,BFA
Burkina Faso,BFA
Burkina Faso,BFA
Burkina Faso,BFA
Burkina Faso,BFA
Burkina Faso,BFA
Burkina Faso,BFA
Burkina Faso,BFA
Burkina Faso,BFA
Burkina Faso,BFA
Burkina Faso,BFA
Burkina Faso,BFA
Burkina Faso,BFA
Burkina Faso,BFA
Burkina Faso,BFA
Burkina Faso,BFA
Burkina Faso,BFA
Burkina Faso,BFA
Burkina Faso,BFA
Burkina Faso,BFA
Burkina Faso,BFA
Burkina Faso,BFA
Burkina Faso,BFA
Burkina Faso,BFA
Burkina Faso,BFA
Burkina Faso,BFA
Burkina Faso,BFA
Burkina Faso,BFA
Burkina Faso,BFA
Burkina Faso,BFA
Burkina Faso,BFA
Burkina Faso,BFA
Burkina Faso,BFA
Burkina Faso,BFA
Burkina Faso,BFA
Burkina Faso,BFA
Burkina Faso,BFA
Burkina Faso,BFA
Burkina Faso,BFA
Burkina Faso,BFA
Burkina Faso,BFA
Burkina Faso,BFA
Burkina Faso,BFA
Burkina Faso,BFA
Burkina Faso,BFA
Burkina Faso,BFA
Burkina Faso,BFA
Burkina Faso,BFA
Burkina Faso,BFA
Burkina Faso,BFA
Burkina Faso,BFA
Burkina Faso,BFA
Burkina Faso,BFA
Burkina Faso,BFA
Burkina Faso,BFA
Burkina Faso,BFA
Burkina Faso,BFA
Burkina Faso,BFA
Burkina Faso,BFA
Burkina Faso,BFA
Burkina Faso,BFA
Burkina Faso,BFA
Burkina Faso,BFA
Burkina Faso,BFA
Burkina Faso,BFA
Burkina Faso,BFA
Burkina Faso,BFA
Cambodia,KHM
Cambodia,KHM
Cambodia,KHM
Cambodia,KHM
Cambodia,KHM
Cambodia,KHM
Cambodia,KHM
Cambodia,KHM
Cambodia,KHM
Cambodia,KHM
Cambodia,KHM
Cambodia,KHM
Cambodia,KHM
Cambodia,KHM
Cambodia,KHM
Cambodia,KHM
Cambodia,KHM
Cambodia,KHM
Cambodia,KHM
Cambodia,KHM
Cambodia,KHM
Cambodia,KHM
Cambodia,KHM
Cambodia,KHM
Cambodia,KHM
Cambodia,KHM
Cambodia,KHM
Cambodia,KHM
Cambodia,KHM
Cambodia,KHM
Cambodia,KHM
Cambodia,KHM
Cambodia,KHM
Cambodia,KHM
Cambodia,KHM
Cambodia,KHM
Cambodia,KHM
Cambodia,KHM
Cambodia,KHM
Cambodia,KHM
Cambodia,KHM
Cambodia,KHM
Cambodia,KHM
Cambodia,KHM
Cambodia,KHM
Cambodia,KHM
Cambodia,KHM
Cambodia,KHM
Cambodia,KHM
Cambodia,KHM
Cambodia,KHM
Cambodia,KHM
Cambodia,KHM
Cambodia,KHM
Cambodia,KHM
Cambodia,KHM
Cambodia,KHM
Cambodia,KHM
Cambodia,KHM
Cambodia,KHM
Cambodia,KHM
Cambodia,KHM
Cambodia,KHM
Cambodia,KHM
Cambodia,KHM
Cambodia,KHM
Cambodia,KHM
Cambodia,KHM
Cambodia,KHM
Cambodia,KHM
Cambodia,KHM
Cambodia,KHM
Cambodia,KHM
Cambodia,KHM
Cambodia,KHM
Cambodia,KHM
Cambodia,KHM
Cambodia,KHM
Cambodia,KHM
Cambodia,KHM
Cambodia,KHM
Cambodia,KHM
Cambodia,KHM
Cambodia,KHM
Cambodia,KHM
Cambodia,KHM
Cambodia,KHM
Cameroon,CMR
Cameroon,CMR
Cameroon,CMR
Cameroon,CMR
Cameroon,CMR
Cameroon,CMR
Cameroon,CMR
Cameroon,CMR
Cameroon,CMR
Cameroon,CMR
Cameroon,CMR
Cameroon,CMR
Cameroon,CMR
Cameroon,CMR
Cameroon,CMR
Cameroon,CMR
Cameroon,CMR
Cameroon,CMR
Cameroon,CMR
Cameroon,CMR
Cameroon,CMR
Cameroon,CMR
Cameroon,CMR
Cameroon,CMR
Cameroon,CMR
Cameroon,CMR
Cameroon,CMR
Cameroon,CMR
Cameroon,CMR
Cameroon,CMR
Cameroon,CMR
Cameroon,CMR
Cameroon,CMR
Cameroon,CMR
Cameroon,CMR
Cameroon,CMR
Cameroon,CMR
Cameroon,CMR
Cameroon,CMR
Cameroon,CMR
Cameroon,CMR
Cameroon,CMR
Cameroon,CMR
Cameroon,CMR
Cameroon,CMR
Cameroon,CMR
Cameroon,CMR
Cameroon,CMR
Cameroon,CMR
Cameroon,CMR
Cameroon,CMR
Cameroon,CMR
Cameroon,CMR
Cameroon,CMR
Cameroon,CMR
Cameroon,CMR
Cameroon,CMR
Cameroon,CMR
Cameroon,CMR
Cameroon,CMR
Cameroon,CMR
Cameroon,CMR
Cameroon,CMR
Cameroon,CMR
Cameroon,CMR
Cameroon,CMR
Cameroon,CMR
Cameroon,CMR
Cameroon,CMR
Cameroon,CMR
Cameroon,CMR
Cameroon,CMR
Cameroon,CMR
Cameroon,CMR
Cameroon,CMR
Cameroon,CMR
Cameroon,CMR
Cameroon,CMR
Cameroon,CMR
Cameroon,CMR
Cameroon,CMR
Cameroon,CMR
Cameroon,CMR
Cameroon,CMR
Cameroon,CMR
Cameroon,CMR
Cameroon,CMR
Chile,CHL
Chile,CHL
Chile,CHL
Chile,CHL
Chile,CHL
Chile,CHL
Chile,CHL
Chile,CHL
Chile,CHL
Chile,CHL
Chile,CHL
Chile,CHL
Chile,CHL
Chile,CHL
Chile,CHL
Chile,CHL
Chile,CHL
Chile,CHL
Chile,CHL
Chile,CHL
Chile,CHL
Chile,CHL
Chile,CHL
Chile,CHL
Chile,CHL
Chile,CHL
Chile,CHL
Chile,CHL
Chile,CHL
Chile,CHL
Chile,CHL
Chile,CHL
Chile,CHL
Chile,CHL
Chile,CHL
Chile,CHL
Chile,CHL
Chile,CHL
Chile,CHL
Chile,CHL
Chile,CHL
Chile,CHL
Chile,CHL
Chile,CHL
Chile,CHL
Chile,CHL
Chile,CHL
Chile,CHL
Chile,CHL
Chile,CHL
Chile,CHL
Chile,CHL
Chile,CHL
Chile,CHL
Chile,CHL
Chile,CHL
Chile,CHL
Chile,CHL
Chile,CHL
Chile,CHL
Chile,CHL
Chile,CHL
Chile,CHL
Chile,CHL
Chile,CHL
Chile,CHL
Chile,CHL
Chile,CHL
Chile,CHL
Chile,CHL
Chile,CHL
Chile,CHL
Chile,CHL
Chile,CHL
Chile,CHL
Chile,CHL
Chile,CHL
Chile,CHL
Chile,CHL
Chile,CHL
Chile,CHL
Chile,CHL
Chile,CHL
Chile,CHL
Chile,CHL
Chile,CHL
Chile,CHL
China,CHN
China,CHN
China,CHN
China,CHN
China,CHN
China,CHN
China,CHN
China,CHN
China,CHN
China,CHN
China,CHN
China,CHN
China,CHN
China,CHN
China,CHN
China,CHN
China,CHN
China,CHN
China,CHN
China,CHN
China,CHN
China,CHN
China,CHN
China,CHN
China,CHN
China,CHN
China,CHN
China,CHN
China,CHN
China,CHN
China,CHN
China,CHN
China,CHN
China,CHN
China,CHN
China,CHN
China,CHN
China,CHN
China,CHN
China,CHN
China,CHN
China,CHN
China,CHN
China,CHN
China,CHN
China,CHN
China,CHN
China,CHN
China,CHN
China,CHN
China,CHN
China,CHN
China,CHN
China,CHN
China,CHN
China,CHN
China,CHN
China,CHN
China,CHN
China,CHN
China,CHN
China,CHN
China,CHN
China,CHN
China,CHN
China,CHN
China,CHN
China,CHN
China,CHN
China,CHN
China,CHN
China,CHN
China,CHN
China,CHN
China,CHN
China,CHN
China,CHN
China,CHN
China,CHN
China,CHN
China,CHN
China,CHN
China,CHN
China,CHN
China,CHN
China,CHN
China,CHN
Taiwan,TWN
Taiwan,TWN
Taiwan,TWN
Taiwan,TWN
Taiwan,TWN
Taiwan,TWN
Taiwan,TWN
Taiwan,TWN
Taiwan,TWN
Taiwan,TWN
Taiwan,TWN
Taiwan,TWN
Taiwan,TWN
Taiwan,TWN
Taiwan,TWN
Taiwan,TWN
Taiwan,TWN
Taiwan,TWN
Taiwan,TWN
Taiwan,TWN
Taiwan,TWN
Taiwan,TWN
Taiwan,TWN
Taiwan,TWN
Taiwan,TWN
Taiwan,TWN
Taiwan,TWN
Taiwan,TWN
Taiwan,TWN
Taiwan,TWN
Taiwan,TWN
Taiwan,TWN
Taiwan,TWN
Taiwan,TWN
Taiwan,TWN
Taiwan,TWN
Taiwan,TWN
Taiwan,TWN
Taiwan,TWN
Taiwan,TWN
Taiwan,TWN
Taiwan,TWN
Taiwan,TWN
Taiwan,TWN
Taiwan,TWN
Taiwan,TWN
Taiwan,TWN
Taiwan,TWN
Taiwan,TWN
Taiwan,TWN
Taiwan,TWN
Taiwan,TWN
Taiwan,TWN
Taiwan,TWN
Taiwan,TWN
Taiwan,TWN
Taiwan,TWN
Taiwan,TWN
Taiwan,TWN
Taiwan,TWN
Taiwan,TWN
Taiwan,TWN
Taiwan,TWN
Taiwan,TWN
Taiwan,TWN
Taiwan,TWN
Taiwan,TWN
Taiwan,TWN
Taiwan,TWN
Taiwan,TWN
Taiwan,TWN
Taiwan,TWN
Taiwan,TWN
Taiwan,TWN
Taiwan,TWN
Taiwan,TWN
Taiwan,TWN
Taiwan,TWN
Taiwan,TWN
Taiwan,TWN
Taiwan,TWN
Taiwan,TWN
Taiwan,TWN
Taiwan,TWN
Taiwan,TWN
Taiwan,TWN
Taiwan,TWN
Colombia,COL
Colombia,COL
Colombia,COL
Colombia,COL
Colombia,COL
Colombia,COL
Colombia,COL
Colombia,COL
Colombia,COL
Colombia,COL
Colombia,COL
Colombia,COL
Colombia,COL
Colombia,COL
Colombia,COL
Colombia,COL
Colombia,COL
Colombia,COL
Colombia,COL
Colombia,COL
Colombia,COL
Colombia,COL
Colombia,COL
Colombia,COL
Colombia,COL
Colombia,COL
Colombia,COL
Colombia,COL
Colombia,COL
Colombia,COL
Colombia,COL
Colombia,COL
Colombia,COL
Colombia,COL
Colombia,COL
Colombia,COL
Colombia,COL
Colombia,COL
Colombia,COL
Colombia,COL
Colombia,COL
Colombia,COL
Colombia,COL
Colombia,COL
Colombia,COL
Colombia,COL
Colombia,COL
Colombia,COL
Colombia,COL
Colombia,COL
Colombia,COL
Colombia,COL
Colombia,COL
Colombia,COL
Colombia,COL
Colombia,COL
Colombia,COL
Colombia,COL
Colombia,COL
Colombia,COL
Colombia,COL
Colombia,COL
Colombia,COL
Colombia,COL
Colombia,COL
Colombia,COL
Colombia,COL
Colombia,COL
Colombia,COL
Colombia,COL
Colombia,COL
Colombia,COL
Colombia,COL
Colombia,COL
Colombia,COL
Colombia,COL
Colombia,COL
Colombia,COL
Colombia,COL
Colombia,COL
Colombia,COL
Colombia,COL
Colombia,COL
Colombia,COL
Colombia,COL
Colombia,COL
Colombia,COL
Costa Rica,CRI
Costa Rica,CRI
Costa Rica,CRI
Costa Rica,CRI
Costa Rica,CRI
Costa Rica,CRI
Costa Rica,CRI
Costa Rica,CRI
Costa Rica,CRI
Costa Rica,CRI
Costa Rica,CRI
Costa Rica,CRI
Costa Rica,CRI
Costa Rica,CRI
Costa Rica,CRI
Costa Rica,CRI
Costa Rica,CRI
Costa Rica,CRI
Costa Rica,CRI
Costa Rica,CRI
Costa Rica,CRI
Costa Rica,CRI
Costa Rica,CRI
Costa Rica,CRI
Costa Rica,CRI
Costa Rica,CRI
Costa Rica,CRI
Costa Rica,CRI
Costa Rica,CRI
Costa Rica,CRI
Costa Rica,CRI
Costa Rica,CRI
Costa Rica,CRI
Costa Rica,CRI
Costa Rica,CRI
Costa Rica,CRI
Costa Rica,CRI
Costa Rica,CRI
Costa Rica,CRI
Costa Rica,CRI
Costa Rica,CRI
Costa Rica,CRI
Costa Rica,CRI
Costa Rica,CRI
Costa Rica,CRI
Costa Rica,CRI
Costa Rica,CRI
Costa Rica,CRI
Costa Rica,CRI
Costa Rica,CRI
Costa Rica,CRI
Costa Rica,CRI
Costa Rica,CRI
Costa Rica,CRI
Costa Rica,CRI
Costa Rica,CRI
Costa Rica,CRI
Costa Rica,CRI
Costa Rica,CRI
Costa Rica,CRI
Costa Rica,CRI
Costa Rica,CRI
Costa Rica,CRI
Costa Rica,CRI
Costa Rica,CRI
Costa Rica,CRI
Costa Rica,CRI
Costa Rica,CRI
Costa Rica,CRI
Costa Rica,CRI
Costa Rica,CRI
Costa Rica,CRI
Costa Rica,CRI
Costa Rica,CRI
Costa Rica,CRI
Costa Rica,CRI
Costa Rica,CRI
Costa Rica,CRI
Costa Rica,CRI
Costa Rica,CRI
Costa Rica,CRI
Costa Rica,CRI
Costa Rica,CRI
Costa Rica,CRI
Costa Rica,CRI
Costa Rica,CRI
Costa Rica,CRI
Ecuador,ECU
Ecuador,ECU
Ecuador,ECU
Ecuador,ECU
Ecuador,ECU
Ecuador,ECU
Ecuador,ECU
Ecuador,ECU
Ecuador,ECU
Ecuador,ECU
Ecuador,ECU
Ecuador,ECU
Ecuador,ECU
Ecuador,ECU
Ecuador,ECU
Ecuador,ECU
Ecuador,ECU
Ecuador,ECU
Ecuador,ECU
Ecuador,ECU
Ecuador,ECU
Ecuador,ECU
Ecuador,ECU
Ecuador,ECU
Ecuador,ECU
Ecuador,ECU
Ecuador,ECU
Ecuador,ECU
Ecuador,ECU
Ecuador,ECU
Ecuador,ECU
Ecuador,ECU
Ecuador,ECU
Ecuador,ECU
Ecuador,ECU
Ecuador,ECU
Ecuador,ECU
Ecuador,ECU
Ecuador,ECU
Ecuador,ECU
Ecuador,ECU
Ecuador,ECU
Ecuador,ECU
Ecuador,ECU
Ecuador,ECU
Ecuador,ECU
Ecuador,ECU
Ecuador,ECU
Ecuador,ECU
Ecuador,ECU
Ecuador,ECU
Ecuador,ECU
Ecuador,ECU
Ecuador,ECU
Ecuador,ECU
Ecuador,ECU
Ecuador,ECU
Ecuador,ECU
Ecuador,ECU
Ecuador,ECU
Ecuador,ECU
Ecuador,ECU
Ecuador,ECU
Ecuador,ECU
Ecuador,ECU
Ecuador,ECU
Ecuador,ECU
Ecuador,ECU
Ecuador,ECU
Ecuador,ECU
Ecuador,ECU
Ecuador,ECU
Ecuador,ECU
Ecuador,ECU
Ecuador,ECU
Ecuador,ECU
Ecuador,ECU
Ecuador,ECU
Ecuador,ECU
Ecuador,ECU
Ecuador,ECU
Ecuador,ECU
Ecuador,ECU
Ecuador,ECU
Ecuador,ECU
Ecuador,ECU
Ecuador,ECU
Egypt,EGY
Egypt,EGY
Egypt,EGY
Egypt,EGY
Egypt,EGY
Egypt,EGY
Egypt,EGY
Egypt,EGY
Egypt,EGY
Egypt,EGY
Egypt,EGY
Egypt,EGY
Egypt,EGY
Egypt,EGY
Egypt,EGY
Egypt,EGY
Egypt,EGY
Egypt,EGY
Egypt,EGY
Egypt,EGY
Egypt,EGY
Egypt,EGY
Egypt,EGY
Egypt,EGY
Egypt,EGY
Egypt,EGY
Egypt,EGY
Egypt,EGY
Egypt,EGY
Egypt,EGY
Egypt,EGY
Egypt,EGY
Egypt,EGY
Egypt,EGY
Egypt,EGY
Egypt,EGY
Egypt,EGY
Egypt,EGY
Egypt,EGY
Egypt,EGY
Egypt,EGY
Egypt,EGY
Egypt,EGY
Egypt,EGY
Egypt,EGY
Egypt,EGY
Egypt,EGY
Egypt,EGY
Egypt,EGY
Egypt,EGY
Egypt,EGY
Egypt,EGY
Egypt,EGY
Egypt,EGY
Egypt,EGY
Egypt,EGY
Egypt,EGY
Egypt,EGY
Egypt,EGY
Egypt,EGY
Egypt,EGY
Egypt,EGY
Egypt,EGY
Egypt,EGY
Egypt,EGY
Egypt,EGY
Egypt,EGY
Egypt,EGY
Egypt,EGY
Egypt,EGY
Egypt,EGY
Egypt,EGY
Egypt,EGY
Egypt,EGY
Egypt,EGY
Egypt,EGY
Egypt,EGY
Egypt,EGY
Egypt,EGY
Egypt,EGY
Egypt,EGY
Egypt,EGY
Egypt,EGY
Egypt,EGY
Egypt,EGY
Egypt,EGY
Egypt,EGY
Ethiopia,ETH
Ethiopia,ETH
Ethiopia,ETH
Ethiopia,ETH
Ethiopia,ETH
Ethiopia,ETH
Ethiopia,ETH
Ethiopia,ETH
Ethiopia,ETH
Ethiopia,ETH
Ethiopia,ETH
Ethiopia,ETH
Ethiopia,ETH
Ethiopia,ETH
Ethiopia,ETH
Ethiopia,ETH
Ethiopia,ETH
Ethiopia,ETH
Ethiopia,ETH
Ethiopia,ETH
Ethiopia,ETH
Ethiopia,ETH
Ethiopia,ETH
Ethiopia,ETH
Ethiopia,ETH
Ethiopia,ETH
Ethiopia,ETH
Ethiopia,ETH
Ethiopia,ETH
Ethiopia,ETH
Ethiopia,ETH
Ethiopia,ETH
Ethiopia,ETH
Ethiopia,ETH
Ethiopia,ETH
Ethiopia,ETH
Ethiopia,ETH
Ethiopia,ETH
Ethiopia,ETH
Ethiopia,ETH
Ethiopia,ETH
Ethiopia,ETH
Ethiopia,ETH
Ethiopia,ETH
Ethiopia,ETH
Ethiopia,ETH
Ethiopia,ETH
Ethiopia,ETH
Ethiopia,ETH
Ethiopia,ETH
Ethiopia,ETH
Ethiopia,ETH
Ethiopia,ETH
Ethiopia,ETH
Ethiopia,ETH
Ethiopia,ETH
Ethiopia,ETH
Ethiopia,ETH
Ethiopia,ETH
Ethiopia,ETH
Ethiopia,ETH
Ethiopia,ETH
Ethiopia,ETH
Ethiopia,ETH
Ethiopia,ETH
Ethiopia,ETH
Ethiopia,ETH
Ethiopia,ETH
Ethiopia,ETH
Ethiopia,ETH
Ethiopia,ETH
Ethiopia,ETH
Ethiopia,ETH
Ethiopia,ETH
Ethiopia,ETH
Ethiopia,ETH
Ethiopia,ETH
Ethiopia,ETH
Ethiopia,ETH
Ethiopia,ETH
Ethiopia,ETH
Ethiopia,ETH
Ethiopia,ETH
Ethiopia,ETH
Ethiopia,ETH
Ethiopia,ETH
Ethiopia,ETH
Ghana,GHA
Ghana,GHA
Ghana,GHA
Ghana,GHA
Ghana,GHA
Ghana,GHA
Ghana,GHA
Ghana,GHA
Ghana,GHA
Ghana,GHA
Ghana,GHA
Ghana,GHA
Ghana,GHA
Ghana,GHA
Ghana,GHA
Ghana,GHA
Ghana,GHA
Ghana,GHA
Ghana,GHA
Ghana,GHA
Ghana,GHA
Ghana,GHA
Ghana,GHA
Ghana,GHA
Ghana,GHA
Ghana,GHA
Ghana,GHA
Ghana,GHA
Ghana,GHA
Ghana,GHA
Ghana,GHA
Ghana,GHA
Ghana,GHA
Ghana,GHA
Ghana,GHA
Ghana,GHA
Ghana,GHA
Ghana,GHA
Ghana,GHA
Ghana,GHA
Ghana,GHA
Ghana,GHA
Ghana,GHA
Ghana,GHA
Ghana,GHA
Ghana,GHA
Ghana,GHA
Ghana,GHA
Ghana,GHA
Ghana,GHA
Ghana,GHA
Ghana,GHA
Ghana,GHA
Ghana,GHA
Ghana,GHA
Ghana,GHA
Ghana,GHA
Ghana,GHA
Ghana,GHA
Ghana,GHA
Ghana,GHA
Ghana,GHA
Ghana,GHA
Ghana,GHA
Ghana,GHA
Ghana,GHA
Ghana,GHA
Ghana,GHA
Ghana,GHA
Ghana,GHA
Ghana,GHA
Ghana,GHA
Ghana,GHA
Ghana,GHA
Ghana,GHA
Ghana,GHA
Ghana,GHA
Ghana,GHA
Ghana,GHA
Ghana,GHA
Ghana,GHA
Ghana,GHA
Ghana,GHA
Ghana,GHA
Ghana,GHA
Ghana,GHA
Ghana,GHA
Hong Kong,HKG
Hong Kong,HKG
Hong Kong,HKG
Hong Kong,HKG
Hong Kong,HKG
Hong Kong,HKG
Hong Kong,HKG
Hong Kong,HKG
Hong Kong,HKG
Hong Kong,HKG
Hong Kong,HKG
Hong Kong,HKG
Hong Kong,HKG
Hong Kong,HKG
Hong Kong,HKG
Hong Kong,HKG
Hong Kong,HKG
Hong Kong,HKG
Hong Kong,HKG
Hong Kong,HKG
Hong Kong,HKG
Hong Kong,HKG
Hong Kong,HKG
Hong Kong,HKG
Hong Kong,HKG
Hong Kong,HKG
Hong Kong,HKG
Hong Kong,HKG
Hong Kong,HKG
Hong Kong,HKG
Hong Kong,HKG
Hong Kong,HKG
Hong Kong,HKG
Hong Kong,HKG
Hong Kong,HKG
Hong Kong,HKG
Hong Kong,HKG
Hong Kong,HKG
Hong Kong,HKG
Hong Kong,HKG
Hong Kong,HKG
Hong Kong,HKG
Hong Kong,HKG
Hong Kong,HKG
Hong Kong,HKG
Hong Kong,HKG
Hong Kong,HKG
Hong Kong,HKG
Hong Kong,HKG
Hong Kong,HKG
Hong Kong,HKG
Hong Kong,HKG
Hong Kong,HKG
Hong Kong,HKG
Hong Kong,HKG
Hong Kong,HKG
Hong Kong,HKG
Hong Kong,HKG
Hong Kong,HKG
Hong Kong,HKG
Hong Kong,HKG
Hong Kong,HKG
Hong Kong,HKG
Hong Kong,HKG
Hong Kong,HKG
Hong Kong,HKG
Hong Kong,HKG
Hong Kong,HKG
Hong Kong,HKG
Hong Kong,HKG
Hong Kong,HKG
Hong Kong,HKG
Hong Kong,HKG
Hong Kong,HKG
Hong Kong,HKG
Hong Kong,HKG
Hong Kong,HKG
Hong Kong,HKG
Hong Kong,HKG
Hong Kong,HKG
Hong Kong,HKG
Hong Kong,HKG
Hong Kong,HKG
Hong Kong,HKG
Hong Kong,HKG
Hong Kong,HKG
Hong Kong,HKG
India,IND
India,IND
India,IND
India,IND
India,IND
India,IND
India,IND
India,IND
India,IND
India,IND
India,IND
India,IND
India,IND
India,IND
India,IND
India,IND
India,IND
India,IND
India,IND
India,IND
India,IND
India,IND
India,IND
India,IND
India,IND
India,IND
India,IND
India,IND
India,IND
India,IND
India,IND
India,IND
India,IND
India,IND
India,IND
India,IND
India,IND
India,IND
India,IND
India,IND
India,IND
India,IND
India,IND
India,IND
India,IND
India,IND
India,IND
India,IND
India,IND
India,IND
India,IND
India,IND
India,IND
India,IND
India,IND
India,IND
India,IND
India,IND
India,IND
India,IND
India,IND
India,IND
India,IND
India,IND
India,IND
India,IND
India,IND
India,IND
India,IND
India,IND
India,IND
India,IND
India,IND
India,IND
India,IND
India,IND
India,IND
India,IND
India,IND
India,IND
India,IND
India,IND
India,IND
India,IND
India,IND
India,IND
India,IND
Indonesia,IDN
Indonesia,IDN
Indonesia,IDN
Indonesia,IDN
Indonesia,IDN
Indonesia,IDN
Indonesia,IDN
Indonesia,IDN
Indonesia,IDN
Indonesia,IDN
Indonesia,IDN
Indonesia,IDN
Indonesia,IDN
Indonesia,IDN
Indonesia,IDN
Indonesia,IDN
Indonesia,IDN
Indonesia,IDN
Indonesia,IDN
Indonesia,IDN
Indonesia,IDN
Indonesia,IDN
Indonesia,IDN
Indonesia,IDN
Indonesia,IDN
Indonesia,IDN
Indonesia,IDN
Indonesia,IDN
Indonesia,IDN
Indonesia,IDN
Indonesia,IDN
Indonesia,IDN
Indonesia,IDN
Indonesia,IDN
Indonesia,IDN
Indonesia,IDN
Indonesia,IDN
Indonesia,IDN
Indonesia,IDN
Indonesia,IDN
Indonesia,IDN
Indonesia,IDN
Indonesia,IDN
Indonesia,IDN
Indonesia,IDN
Indonesia,IDN
Indonesia,IDN
Indonesia,IDN
Indonesia,IDN
Indonesia,IDN
Indonesia,IDN
Indonesia,IDN
Indonesia,IDN
Indonesia,IDN
Indonesia,IDN
Indonesia,IDN
Indonesia,IDN
Indonesia,IDN
Indonesia,IDN
Indonesia,IDN
Indonesia,IDN
Indonesia,IDN
Indonesia,IDN
Indonesia,IDN
Indonesia,IDN
Indonesia,IDN
Indonesia,IDN
Indonesia,IDN
Indonesia,IDN
Indonesia,IDN
Indonesia,IDN
Indonesia,IDN
Indonesia,IDN
Indonesia,IDN
Indonesia,IDN
Indonesia,IDN
Indonesia,IDN
Indonesia,IDN
Indonesia,IDN
Indonesia,IDN
Indonesia,IDN
Indonesia,IDN
Indonesia,IDN
Indonesia,IDN
Indonesia,IDN
Indonesia,IDN
Indonesia,IDN
Israel,ISR
Israel,ISR
Israel,ISR
Israel,ISR
Israel,ISR
Israel,ISR
Israel,ISR
Israel,ISR
Israel,ISR
Israel,ISR
Israel,ISR
Israel,ISR
Israel,ISR
Israel,ISR
Israel,ISR
Israel,ISR
Israel,ISR
Israel,ISR
Israel,ISR
Israel,ISR
Israel,ISR
Israel,ISR
Israel,ISR
Israel,ISR
Israel,ISR
Israel,ISR
Israel,ISR
Israel,ISR
Israel,ISR
Israel,ISR
Israel,ISR
Israel,ISR
Israel,ISR
Israel,ISR
Israel,ISR
Israel,ISR
Israel,ISR
Israel,ISR
Israel,ISR
Israel,ISR
Israel,ISR
Israel,ISR
Israel,ISR
Israel,ISR
Israel,ISR
Israel,ISR
Israel,ISR
Israel,ISR
Israel,ISR
Israel,ISR
Israel,ISR
Israel,ISR
Israel,ISR
Israel,ISR
Israel,ISR
Israel,ISR
Israel,ISR
Israel,ISR
Israel,ISR
Israel,ISR
Israel,ISR
Israel,ISR
Israel,ISR
Israel,ISR
Israel,ISR
Israel,ISR
Israel,ISR
Israel,ISR
Israel,ISR
Israel,ISR
Israel,ISR
Israel,ISR
Israel,ISR
Israel,ISR
Israel,ISR
Israel,ISR
Israel,ISR
Israel,ISR
Israel,ISR
Israel,ISR
Israel,ISR
Israel,ISR
Israel,ISR
Israel,ISR
Israel,ISR
Israel,ISR
Israel,ISR
Japan,JPN
Japan,JPN
Japan,JPN
Japan,JPN
Japan,JPN
Japan,JPN
Japan,JPN
Japan,JPN
Japan,JPN
Japan,JPN
Japan,JPN
Japan,JPN
Japan,JPN
Japan,JPN
Japan,JPN
Japan,JPN
Japan,JPN
Japan,JPN
Japan,JPN
Japan,JPN
Japan,JPN
Japan,JPN
Japan,JPN
Japan,JPN
Japan,JPN
Japan,JPN
Japan,JPN
Japan,JPN
Japan,JPN
Japan,JPN
Japan,JPN
Japan,JPN
Japan,JPN
Japan,JPN
Japan,JPN
Japan,JPN
Japan,JPN
Japan,JPN
Japan,JPN
Japan,JPN
Japan,JPN
Japan,JPN
Japan,JPN
Japan,JPN
Japan,JPN
Japan,JPN
Japan,JPN
Japan,JPN
Japan,JPN
Japan,JPN
Japan,JPN
Japan,JPN
Japan,JPN
Japan,JPN
Japan,JPN
Japan,JPN
Japan,JPN
Japan,JPN
Japan,JPN
Japan,JPN
Japan,JPN
Japan,JPN
Japan,JPN
Japan,JPN
Japan,JPN
Japan,JPN
Japan,JPN
Japan,JPN
Japan,JPN
Japan,JPN
Japan,JPN
Japan,JPN
Japan,JPN
Japan,JPN
Japan,JPN
Japan,JPN
Japan,JPN
Japan,JPN
Japan,JPN
Japan,JPN
Japan,JPN
Japan,JPN
Japan,JPN
Japan,JPN
Japan,JPN
Japan,JPN
Japan,JPN
Kenya,KEN
Kenya,KEN
Kenya,KEN
Kenya,KEN
Kenya,KEN
Kenya,KEN
Kenya,KEN
Kenya,KEN
Kenya,KEN
Kenya,KEN
Kenya,KEN
Kenya,KEN
Kenya,KEN
Kenya,KEN
Kenya,KEN
Kenya,KEN
Kenya,KEN
Kenya,KEN
Kenya,KEN
Kenya,KEN
Kenya,KEN
Kenya,KEN
Kenya,KEN
Kenya,KEN
Kenya,KEN
Kenya,KEN
Kenya,KEN
Kenya,KEN
Kenya,KEN
Kenya,KEN
Kenya,KEN
Kenya,KEN
Kenya,KEN
Kenya,KEN
Kenya,KEN
Kenya,KEN
Kenya,KEN
Kenya,KEN
Kenya,KEN
Kenya,KEN
Kenya,KEN
Kenya,KEN
Kenya,KEN
Kenya,KEN
Kenya,KEN
Kenya,KEN
Kenya,KEN
Kenya,KEN
Kenya,KEN
Kenya,KEN
Kenya,KEN
Kenya,KEN
Kenya,KEN
Kenya,KEN
Kenya,KEN
Kenya,KEN
Kenya,KEN
Kenya,KEN
Kenya,KEN
Kenya,KEN
Kenya,KEN
Kenya,KEN
Kenya,KEN
Kenya,KEN
Kenya,KEN
Kenya,KEN
Kenya,KEN
Kenya,KEN
Kenya,KEN
Kenya,KEN
Kenya,KEN
Kenya,KEN
Kenya,KEN
Kenya,KEN
Kenya,KEN
Kenya,KEN
Kenya,KEN
Kenya,KEN
Kenya,KEN
Kenya,KEN
Kenya,KEN
Kenya,KEN
Kenya,KEN
Kenya,KEN
Kenya,KEN
Kenya,KEN
Kenya,KEN
Laos,LAO
Laos,LAO
Laos,LAO
Laos,LAO
Laos,LAO
Laos,LAO
Laos,LAO
Laos,LAO
Laos,LAO
Laos,LAO
Laos,LAO
Laos,LAO
Laos,LAO
Laos,LAO
Laos,LAO
Laos,LAO
Laos,LAO
Laos,LAO
Laos,LAO
Laos,LAO
Laos,LAO
Laos,LAO
Laos,LAO
Laos,LAO
Laos,LAO
Laos,LAO
Laos,LAO
Laos,LAO
Laos,LAO
Laos,LAO
Laos,LAO
Laos,LAO
Laos,LAO
Laos,LAO
Laos,LAO
Laos,LAO
Laos,LAO
Laos,LAO
Laos,LAO
Laos,LAO
Laos,LAO
Laos,LAO
Laos,LAO
Laos,LAO
Laos,LAO
Laos,LAO
Laos,LAO
Laos,LAO
Laos,LAO
Laos,LAO
Laos,LAO
Laos,LAO
Laos,LAO
Laos,LAO
Laos,LAO
Laos,LAO
Laos,LAO
Laos,LAO
Laos,LAO
Laos,LAO
Laos,LAO
Laos,LAO
Laos,LAO
Laos,LAO
Laos,LAO
Laos,LAO
Laos,LAO
Laos,LAO
Laos,LAO
Laos,LAO
Laos,LAO
Laos,LAO
Laos,LAO
Laos,LAO
Laos,LAO
Laos,LAO
Laos,LAO
Laos,LAO
Laos,LAO
Laos,LAO
Laos,LAO
Laos,LAO
Laos,LAO
Laos,LAO
Laos,LAO
Laos,LAO
Laos,LAO
Lesotho,LSO
Lesotho,LSO
Lesotho,LSO
Lesotho,LSO
Lesotho,LSO
Lesotho,LSO
Lesotho,LSO
Lesotho,LSO
Lesotho,LSO
Lesotho,LSO
Lesotho,LSO
Lesotho,LSO
Lesotho,LSO
Lesotho,LSO
Lesotho,LSO
Lesotho,LSO
Lesotho,LSO
Lesotho,LSO
Lesotho,LSO
Lesotho,LSO
Lesotho,LSO
Lesotho,LSO
Lesotho,LSO
Lesotho,LSO
Lesotho,LSO
Lesotho,LSO
Lesotho,LSO
Lesotho,LSO
Lesotho,LSO
Lesotho,LSO
Lesotho,LSO
Lesotho,LSO
Lesotho,LSO
Lesotho,LSO
Lesotho,LSO
Lesotho,LSO
Lesotho,LSO
Lesotho,LSO
Lesotho,LSO
Lesotho,LSO
Lesotho,LSO
Lesotho,LSO
Lesotho,LSO
Lesotho,LSO
Lesotho,LSO
Lesotho,LSO
Lesotho,LSO
Lesotho,LSO
Lesotho,LSO
Lesotho,LSO
Lesotho,LSO
Lesotho,LSO
Lesotho,LSO
Lesotho,LSO
Lesotho,LSO
Lesotho,LSO
Lesotho,LSO
Lesotho,LSO
Lesotho,LSO
Lesotho,LSO
Lesotho,LSO
Lesotho,LSO
Lesotho,LSO
Lesotho,LSO
Lesotho,LSO
Lesotho,LSO
Lesotho,LSO
Lesotho,LSO
Lesotho,LSO
Lesotho,LSO
Lesotho,LSO
Lesotho,LSO
Lesotho,LSO
Lesotho,LSO
Lesotho,LSO
Lesotho,LSO
Lesotho,LSO
Lesotho,LSO
Lesotho,LSO
Lesotho,LSO
Lesotho,LSO
Lesotho,LSO
Lesotho,LSO
Lesotho,LSO
Lesotho,LSO
Lesotho,LSO
Lesotho,LSO
Malawi,MWI
Malawi,MWI
Malawi,MWI
Malawi,MWI
Malawi,MWI
Malawi,MWI
Malawi,MWI
Malawi,MWI
Malawi,MWI
Malawi,MWI
Malawi,MWI
Malawi,MWI
Malawi,MWI
Malawi,MWI
Malawi,MWI
Malawi,MWI
Malawi,MWI
Malawi,MWI
Malawi,MWI
Malawi,MWI
Malawi,MWI
Malawi,MWI
Malawi,MWI
Malawi,MWI
Malawi,MWI
Malawi,MWI
Malawi,MWI
Malawi,MWI
Malawi,MWI
Malawi,MWI
Malawi,MWI
Malawi,MWI
Malawi,MWI
Malawi,MWI
Malawi,MWI
Malawi,MWI
Malawi,MWI
Malawi,MWI
Malawi,MWI
Malawi,MWI
Malawi,MWI
Malawi,MWI
Malawi,MWI
Malawi,MWI
Malawi,MWI
Malawi,MWI
Malawi,MWI
Malawi,MWI
Malawi,MWI
Malawi,MWI
Malawi,MWI
Malawi,MWI
Malawi,MWI
Malawi,MWI
Malawi,MWI
Malawi,MWI
Malawi,MWI
Malawi,MWI
Malawi,MWI
Malawi,MWI
Malawi,MWI
Malawi,MWI
Malawi,MWI
Malawi,MWI
Malawi,MWI
Malawi,MWI
Malawi,MWI
Malawi,MWI
Malawi,MWI
Malawi,MWI
Malawi,MWI
Malawi,MWI
Malawi,MWI
Malawi,MWI
Malawi,MWI
Malawi,MWI
Malawi,MWI
Malawi,MWI
Malawi,MWI
Malawi,MWI
Malawi,MWI
Malawi,MWI
Malawi,MWI
Malawi,MWI
Malawi,MWI
Malawi,MWI
Malawi,MWI
Malaysia,MYS
Malaysia,MYS
Malaysia,MYS
Malaysia,MYS
Malaysia,MYS
Malaysia,MYS
Malaysia,MYS
Malaysia,MYS
Malaysia,MYS
Malaysia,MYS
Malaysia,MYS
Malaysia,MYS
Malaysia,MYS
Malaysia,MYS
Malaysia,MYS
Malaysia,MYS
Malaysia,MYS
Malaysia,MYS
Malaysia,MYS
Malaysia,MYS
Malaysia,MYS
Malaysia,MYS
Malaysia,MYS
Malaysia,MYS
Malaysia,MYS
Malaysia,MYS
Malaysia,MYS
Malaysia,MYS
Malaysia,MYS
Malaysia,MYS
Malaysia,MYS
Malaysia,MYS
Malaysia,MYS
Malaysia,MYS
Malaysia,MYS
Malaysia,MYS
Malaysia,MYS
Malaysia,MYS
Malaysia,MYS
Malaysia,MYS
Malaysia,MYS
Malaysia,MYS
Malaysia,MYS
Malaysia,MYS
Malaysia,MYS
Malaysia,MYS
Malaysia,MYS
Malaysia,MYS
Malaysia,MYS
Malaysia,MYS
Malaysia,MYS
Malaysia,MYS
Malaysia,MYS
Malaysia,MYS
Malaysia,MYS
Malaysia,MYS
Malaysia,MYS
Malaysia,MYS
Malaysia,MYS
Malaysia,MYS
Malaysia,MYS
Malaysia,MYS
Malaysia,MYS
Malaysia,MYS
Malaysia,MYS
Malaysia,MYS
Malaysia,MYS
Malaysia,MYS
Malaysia,MYS
Malaysia,MYS
Malaysia,MYS
Malaysia,MYS
Malaysia,MYS
Malaysia,MYS
Malaysia,MYS
Malaysia,MYS
Malaysia,MYS
Malaysia,MYS
Malaysia,MYS
Malaysia,MYS
Malaysia,MYS
Malaysia,MYS
Malaysia,MYS
Malaysia,MYS
Malaysia,MYS
Malaysia,MYS
Malaysia,MYS
Mauritius,MUS
Mauritius,MUS
Mauritius,MUS
Mauritius,MUS
Mauritius,MUS
Mauritius,MUS
Mauritius,MUS
Mauritius,MUS
Mauritius,MUS
Mauritius,MUS
Mauritius,MUS
Mauritius,MUS
Mauritius,MUS
Mauritius,MUS
Mauritius,MUS
Mauritius,MUS
Mauritius,MUS
Mauritius,MUS
Mauritius,MUS
Mauritius,MUS
Mauritius,MUS
Mauritius,MUS
Mauritius,MUS
Mauritius,MUS
Mauritius,MUS
Mauritius,MUS
Mauritius,MUS
Mauritius,MUS
Mauritius,MUS
Mauritius,MUS
Mauritius,MUS
Mauritius,MUS
Mauritius,MUS
Mauritius,MUS
Mauritius,MUS
Mauritius,MUS
Mauritius,MUS
Mauritius,MUS
Mauritius,MUS
Mauritius,MUS
Mauritius,MUS
Mauritius,MUS
Mauritius,MUS
Mauritius,MUS
Mauritius,MUS
Mauritius,MUS
Mauritius,MUS
Mauritius,MUS
Mauritius,MUS
Mauritius,MUS
Mauritius,MUS
Mauritius,MUS
Mauritius,MUS
Mauritius,MUS
Mauritius,MUS
Mauritius,MUS
Mauritius,MUS
Mauritius,MUS
Mauritius,MUS
Mauritius,MUS
Mauritius,MUS
Mauritius,MUS
Mauritius,MUS
Mauritius,MUS
Mauritius,MUS
Mauritius,MUS
Mauritius,MUS
Mauritius,MUS
Mauritius,MUS
Mauritius,MUS
Mauritius,MUS
Mauritius,MUS
Mauritius,MUS
Mauritius,MUS
Mauritius,MUS
Mauritius,MUS
Mauritius,MUS
Mauritius,MUS
Mauritius,MUS
Mauritius,MUS
Mauritius,MUS
Mauritius,MUS
Mauritius,MUS
Mauritius,MUS
Mauritius,MUS
Mauritius,MUS
Mauritius,MUS
Mexico,MEX
Mexico,MEX
Mexico,MEX
Mexico,MEX
Mexico,MEX
Mexico,MEX
Mexico,MEX
Mexico,MEX
Mexico,MEX
Mexico,MEX
Mexico,MEX
Mexico,MEX
Mexico,MEX
Mexico,MEX
Mexico,MEX
Mexico,MEX
Mexico,MEX
Mexico,MEX
Mexico,MEX
Mexico,MEX
Mexico,MEX
Mexico,MEX
Mexico,MEX
Mexico,MEX
Mexico,MEX
Mexico,MEX
Mexico,MEX
Mexico,MEX
Mexico,MEX
Mexico,MEX
Mexico,MEX
Mexico,MEX
Mexico,MEX
Mexico,MEX
Mexico,MEX
Mexico,MEX
Mexico,MEX
Mexico,MEX
Mexico,MEX
Mexico,MEX
Mexico,MEX
Mexico,MEX
Mexico,MEX
Mexico,MEX
Mexico,MEX
Mexico,MEX
Mexico,MEX
Mexico,MEX
Mexico,MEX
Mexico,MEX
Mexico,MEX
Mexico,MEX
Mexico,MEX
Mexico,MEX
Mexico,MEX
Mexico,MEX
Mexico,MEX
Mexico,MEX
Mexico,MEX
Mexico,MEX
Mexico,MEX
Mexico,MEX
Mexico,MEX
Mexico,MEX
Mexico,MEX
Mexico,MEX
Mexico,MEX
Mexico,MEX
Mexico,MEX
Mexico,MEX
Mexico,MEX
Mexico,MEX
Mexico,MEX
Mexico,MEX
Mexico,MEX
Mexico,MEX
Mexico,MEX
Mexico,MEX
Mexico,MEX
Mexico,MEX
Mexico,MEX
Mexico,MEX
Mexico,MEX
Mexico,MEX
Mexico,MEX
Mexico,MEX
Mexico,MEX
Morocco,MAR
Morocco,MAR
Morocco,MAR
Morocco,MAR
Morocco,MAR
Morocco,MAR
Morocco,MAR
Morocco,MAR
Morocco,MAR
Morocco,MAR
Morocco,MAR
Morocco,MAR
Morocco,MAR
Morocco,MAR
Morocco,MAR
Morocco,MAR
Morocco,MAR
Morocco,MAR
Morocco,MAR
Morocco,MAR
Morocco,MAR
Morocco,MAR
Morocco,MAR
Morocco,MAR
Morocco,MAR
Morocco,MAR
Morocco,MAR
Morocco,MAR
Morocco,MAR
Morocco,MAR
Morocco,MAR
Morocco,MAR
Morocco,MAR
Morocco,MAR
Morocco,MAR
Morocco,MAR
Morocco,MAR
Morocco,MAR
Morocco,MAR
Morocco,MAR
Morocco,MAR
Morocco,MAR
Morocco,MAR
Morocco,MAR
Morocco,MAR
Morocco,MAR
Morocco,MAR
Morocco,MAR
Morocco,MAR
Morocco,MAR
Morocco,MAR
Morocco,MAR
Morocco,MAR
Morocco,MAR
Morocco,MAR
Morocco,MAR
Morocco,MAR
Morocco,MAR
Morocco,MAR
Morocco,MAR
Morocco,MAR
Morocco,MAR
Morocco,MAR
Morocco,MAR
Morocco,MAR
Morocco,MAR
Morocco,MAR
Morocco,MAR
Morocco,MAR
Morocco,MAR
Morocco,MAR
Morocco,MAR
Morocco,MAR
Morocco,MAR
Morocco,MAR
Morocco,MAR
Morocco,MAR
Morocco,MAR
Morocco,MAR
Morocco,MAR
Morocco,MAR
Morocco,MAR
Morocco,MAR
Morocco,MAR
Morocco,MAR
Morocco,MAR
Morocco,MAR
Mozambique,MOZ
Mozambique,MOZ
Mozambique,MOZ
Mozambique,MOZ
Mozambique,MOZ
Mozambique,MOZ
Mozambique,MOZ
Mozambique,MOZ
Mozambique,MOZ
Mozambique,MOZ
Mozambique,MOZ
Mozambique,MOZ
Mozambique,MOZ
Mozambique,MOZ
Mozambique,MOZ
Mozambique,MOZ
Mozambique,MOZ
Mozambique,MOZ
Mozambique,MOZ
Mozambique,MOZ
Mozambique,MOZ
Mozambique,MOZ
Mozambique,MOZ
Mozambique,MOZ
Mozambique,MOZ
Mozambique,MOZ
Mozambique,MOZ
Mozambique,MOZ
Mozambique,MOZ
Mozambique,MOZ
Mozambique,MOZ
Mozambique,MOZ
Mozambique,MOZ
Mozambique,MOZ
Mozambique,MOZ
Mozambique,MOZ
Mozambique,MOZ
Mozambique,MOZ
Mozambique,MOZ
Mozambique,MOZ
Mozambique,MOZ
Mozambique,MOZ
Mozambique,MOZ
Mozambique,MOZ
Mozambique,MOZ
Mozambique,MOZ
Mozambique,MOZ
Mozambique,MOZ
Mozambique,MOZ
Mozambique,MOZ
Mozambique,MOZ
Mozambique,MOZ
Mozambique,MOZ
Mozambique,MOZ
Mozambique,MOZ
Mozambique,MOZ
Mozambique,MOZ
Mozambique,MOZ
Mozambique,MOZ
Mozambique,MOZ
Mozambique,MOZ
Mozambique,MOZ
Mozambique,MOZ
Mozambique,MOZ
Mozambique,MOZ
Mozambique,MOZ
Mozambique,MOZ
Mozambique,MOZ
Mozambique,MOZ
Mozambique,MOZ
Mozambique,MOZ
Mozambique,MOZ
Mozambique,MOZ
Mozambique,MOZ
Mozambique,MOZ
Mozambique,MOZ
Mozambique,MOZ
Mozambique,MOZ
Mozambique,MOZ
Mozambique,MOZ
Mozambique,MOZ
Mozambique,MOZ
Mozambique,MOZ
Mozambique,MOZ
Mozambique,MOZ
Mozambique,MOZ
Mozambique,MOZ
Myanmar,MMR
Myanmar,MMR
Myanmar,MMR
Myanmar,MMR
Myanmar,MMR
Myanmar,MMR
Myanmar,MMR
Myanmar,MMR
Myanmar,MMR
Myanmar,MMR
Myanmar,MMR
Myanmar,MMR
Myanmar,MMR
Myanmar,MMR
Myanmar,MMR
Myanmar,MMR
Myanmar,MMR
Myanmar,MMR
Myanmar,MMR
Myanmar,MMR
Myanmar,MMR
Myanmar,MMR
Myanmar,MMR
Myanmar,MMR
Myanmar,MMR
Myanmar,MMR
Myanmar,MMR
Myanmar,MMR
Myanmar,MMR
Myanmar,MMR
Myanmar,MMR
Myanmar,MMR
Myanmar,MMR
Myanmar,MMR
Myanmar,MMR
Myanmar,MMR
Myanmar,MMR
Myanmar,MMR
Myanmar,MMR
Myanmar,MMR
Myanmar,MMR
Myanmar,MMR
Myanmar,MMR
Myanmar,MMR
Myanmar,MMR
Myanmar,MMR
Myanmar,MMR
Myanmar,MMR
Myanmar,MMR
Myanmar,MMR
Myanmar,MMR
Myanmar,MMR
Myanmar,MMR
Myanmar,MMR
Myanmar,MMR
Myanmar,MMR
Myanmar,MMR
Myanmar,MMR
Myanmar,MMR
Myanmar,MMR
Myanmar,MMR
Myanmar,MMR
Myanmar,MMR
Myanmar,MMR
Myanmar,MMR
Myanmar,MMR
Myanmar,MMR
Myanmar,MMR
Myanmar,MMR
Myanmar,MMR
Myanmar,MMR
Myanmar,MMR
Myanmar,MMR
Myanmar,MMR
Myanmar,MMR
Myanmar,MMR
Myanmar,MMR
Myanmar,MMR
Myanmar,MMR
Myanmar,MMR
Myanmar,MMR
Myanmar,MMR
Myanmar,MMR
Myanmar,MMR
Myanmar,MMR
Myanmar,MMR
Myanmar,MMR
Namibia,NAM
Namibia,NAM
Namibia,NAM
Namibia,NAM
Namibia,NAM
Namibia,NAM
Namibia,NAM
Namibia,NAM
Namibia,NAM
Namibia,NAM
Namibia,NAM
Namibia,NAM
Namibia,NAM
Namibia,NAM
Namibia,NAM
Namibia,NAM
Namibia,NAM
Namibia,NAM
Namibia,NAM
Namibia,NAM
Namibia,NAM
Namibia,NAM
Namibia,NAM
Namibia,NAM
Namibia,NAM
Namibia,NAM
Namibia,NAM
Namibia,NAM
Namibia,NAM
Namibia,NAM
Namibia,NAM
Namibia,NAM
Namibia,NAM
Namibia,NAM
Namibia,NAM
Namibia,NAM
Namibia,NAM
Namibia,NAM
Namibia,NAM
Namibia,NAM
Namibia,NAM
Namibia,NAM
Namibia,NAM
Namibia,NAM
Namibia,NAM
Namibia,NAM
Namibia,NAM
Namibia,NAM
Namibia,NAM
Namibia,NAM
Namibia,NAM
Namibia,NAM
Namibia,NAM
Namibia,NAM
Namibia,NAM
Namibia,NAM
Namibia,NAM
Namibia,NAM
Namibia,NAM
Namibia,NAM
Namibia,NAM
Namibia,NAM
Namibia,NAM
Namibia,NAM
Namibia,NAM
Namibia,NAM
Namibia,NAM
Namibia,NAM
Namibia,NAM
Namibia,NAM
Namibia,NAM
Namibia,NAM
Namibia,NAM
Namibia,NAM
Namibia,NAM
Namibia,NAM
Namibia,NAM
Namibia,NAM
Namibia,NAM
Namibia,NAM
Namibia,NAM
Namibia,NAM
Namibia,NAM
Namibia,NAM
Namibia,NAM
Namibia,NAM
Namibia,NAM
Nepal,NPL
Nepal,NPL
Nepal,NPL
Nepal,NPL
Nepal,NPL
Nepal,NPL
Nepal,NPL
Nepal,NPL
Nepal,NPL
Nepal,NPL
Nepal,NPL
Nepal,NPL
Nepal,NPL
Nepal,NPL
Nepal,NPL
Nepal,NPL
Nepal,NPL
Nepal,NPL
Nepal,NPL
Nepal,NPL
Nepal,NPL
Nepal,NPL
Nepal,NPL
Nepal,NPL
Nepal,NPL
Nepal,NPL
Nepal,NPL
Nepal,NPL
Nepal,NPL
Nepal,NPL
Nepal,NPL
Nepal,NPL
Nepal,NPL
Nepal,NPL
Nepal,NPL
Nepal,NPL
Nepal,NPL
Nepal,NPL
Nepal,NPL
Nepal,NPL
Nepal,NPL
Nepal,NPL
Nepal,NPL
Nepal,NPL
Nepal,NPL
Nepal,NPL
Nepal,NPL
Nepal,NPL
Nepal,NPL
Nepal,NPL
Nepal,NPL
Nepal,NPL
Nepal,NPL
Nepal,NPL
Nepal,NPL
Nepal,NPL
Nepal,NPL
Nepal,NPL
Nepal,NPL
Nepal,NPL
Nepal,NPL
Nepal,NPL
Nepal,NPL
Nepal,NPL
Nepal,NPL
Nepal,NPL
Nepal,NPL
Nepal,NPL
Nepal,NPL
Nepal,NPL
Nepal,NPL
Nepal,NPL
Nepal,NPL
Nepal,NPL
Nepal,NPL
Nepal,NPL
Nepal,NPL
Nepal,NPL
Nepal,NPL
Nepal,NPL
Nepal,NPL
Nepal,NPL
Nepal,NPL
Nepal,NPL
Nepal,NPL
Nepal,NPL
Nepal,NPL
Nigeria,NGA
Nigeria,NGA
Nigeria,NGA
Nigeria,NGA
Nigeria,NGA
Nigeria,NGA
Nigeria,NGA
Nigeria,NGA
Nigeria,NGA
Nigeria,NGA
Nigeria,NGA
Nigeria,NGA
Nigeria,NGA
Nigeria,NGA
Nigeria,NGA
Nigeria,NGA
Nigeria,NGA
Nigeria,NGA
Nigeria,NGA
Nigeria,NGA
Nigeria,NGA
Nigeria,NGA
Nigeria,NGA
Nigeria,NGA
Nigeria,NGA
Nigeria,NGA
Nigeria,NGA
Nigeria,NGA
Nigeria,NGA
Nigeria,NGA
Nigeria,NGA
Nigeria,NGA
Nigeria,NGA
Nigeria,NGA
Nigeria,NGA
Nigeria,NGA
Nigeria,NGA
Nigeria,NGA
Nigeria,NGA
Nigeria,NGA
Nigeria,NGA
Nigeria,NGA
Nigeria,NGA
Nigeria,NGA
Nigeria,NGA
Nigeria,NGA
Nigeria,NGA
Nigeria,NGA
Nigeria,NGA
Nigeria,NGA
Nigeria,NGA
Nigeria,NGA
Nigeria,NGA
Nigeria,NGA
Nigeria,NGA
Nigeria,NGA
Nigeria,NGA
Nigeria,NGA
Nigeria,NGA
Nigeria,NGA
Nigeria,NGA
Nigeria,NGA
Nigeria,NGA
Nigeria,NGA
Nigeria,NGA
Nigeria,NGA
Nigeria,NGA
Nigeria,NGA
Nigeria,NGA
Nigeria,NGA
Nigeria,NGA
Nigeria,NGA
Nigeria,NGA
Nigeria,NGA
Nigeria,NGA
Nigeria,NGA
Nigeria,NGA
Nigeria,NGA
Nigeria,NGA
Nigeria,NGA
Nigeria,NGA
Nigeria,NGA
Nigeria,NGA
Nigeria,NGA
Nigeria,NGA
Nigeria,NGA
Nigeria,NGA
Pakistan,PAK
Pakistan,PAK
Pakistan,PAK
Pakistan,PAK
Pakistan,PAK
Pakistan,PAK
Pakistan,PAK
Pakistan,PAK
Pakistan,PAK
Pakistan,PAK
Pakistan,PAK
Pakistan,PAK
Pakistan,PAK
Pakistan,PAK
Pakistan,PAK
Pakistan,PAK
Pakistan,PAK
Pakistan,PAK
Pakistan,PAK
Pakistan,PAK
Pakistan,PAK
Pakistan,PAK
Pakistan,PAK
Pakistan,PAK
Pakistan,PAK
Pakistan,PAK
Pakistan,PAK
Pakistan,PAK
Pakistan,PAK
Pakistan,PAK
Pakistan,PAK
Pakistan,PAK
Pakistan,PAK
Pakistan,PAK
Pakistan,PAK
Pakistan,PAK
Pakistan,PAK
Pakistan,PAK
Pakistan,PAK
Pakistan,PAK
Pakistan,PAK
Pakistan,PAK
Pakistan,PAK
Pakistan,PAK
Pakistan,PAK
Pakistan,PAK
Pakistan,PAK
Pakistan,PAK
Pakistan,PAK
Pakistan,PAK
Pakistan,PAK
Pakistan,PAK
Pakistan,PAK
Pakistan,PAK
Pakistan,PAK
Pakistan,PAK
Pakistan,PAK
Pakistan,PAK
Pakistan,PAK
Pakistan,PAK
Pakistan,PAK
Pakistan,PAK
Pakistan,PAK
Pakistan,PAK
Pakistan,PAK
Pakistan,PAK
Pakistan,PAK
Pakistan,PAK
Pakistan,PAK
Pakistan,PAK
Pakistan,PAK
Pakistan,PAK
Pakistan,PAK
Pakistan,PAK
Pakistan,PAK
Pakistan,PAK
Pakistan,PAK
Pakistan,PAK
Pakistan,PAK
Pakistan,PAK
Pakistan,PAK
Pakistan,PAK
Pakistan,PAK
Pakistan,PAK
Pakistan,PAK
Pakistan,PAK
Pakistan,PAK
Peru,PER
Peru,PER
Peru,PER
Peru,PER
Peru,PER
Peru,PER
Peru,PER
Peru,PER
Peru,PER
Peru,PER
Peru,PER
Peru,PER
Peru,PER
Peru,PER
Peru,PER
Peru,PER
Peru,PER
Peru,PER
Peru,PER
Peru,PER
Peru,PER
Peru,PER
Peru,PER
Peru,PER
Peru,PER
Peru,PER
Peru,PER
Peru,PER
Peru,PER
Peru,PER
Peru,PER
Peru,PER
Peru,PER
Peru,PER
Peru,PER
Peru,PER
Peru,PER
Peru,PER
Peru,PER
Peru,PER
Peru,PER
Peru,PER
Peru,PER
Peru,PER
Peru,PER
Peru,PER
Peru,PER
Peru,PER
Peru,PER
Peru,PER
Peru,PER
Peru,PER
Peru,PER
Peru,PER
Peru,PER
Peru,PER
Peru,PER
Peru,PER
Peru,PER
Peru,PER
Peru,PER
Peru,PER
Peru,PER
Peru,PER
Peru,PER
Peru,PER
Peru,PER
Peru,PER
Peru,PER
Peru,PER
Peru,PER
Peru,PER
Peru,PER
Peru,PER
Peru,PER
Peru,PER
Peru,PER
Peru,PER
Peru,PER
Peru,PER
Peru,PER
Peru,PER
Peru,PER
Peru,PER
Peru,PER
Peru,PER
Peru,PER
Philippines,PHL
Philippines,PHL
Philippines,PHL
Philippines,PHL
Philippines,PHL
Philippines,PHL
Philippines,PHL
Philippines,PHL
Philippines,PHL
Philippines,PHL
Philippines,PHL
Philippines,PHL
Philippines,PHL
Philippines,PHL
Philippines,PHL
Philippines,PHL
Philippines,PHL
Philippines,PHL
Philippines,PHL
Philippines,PHL
Philippines,PHL
Philippines,PHL
Philippines,PHL
Philippines,PHL
Philippines,PHL
Philippines,PHL
Philippines,PHL
Philippines,PHL
Philippines,PHL
Philippines,PHL
Philippines,PHL
Philippines,PHL
Philippines,PHL
Philippines,PHL
Philippines,PHL
Philippines,PHL
Philippines,PHL
Philippines,PHL
Philippines,PHL
Philippines,PHL
Philippines,PHL
Philippines,PHL
Philippines,PHL
Philippines,PHL
Philippines,PHL
Philippines,PHL
Philippines,PHL
Philippines,PHL
Philippines,PHL
Philippines,PHL
Philippines,PHL
Philippines,PHL
Philippines,PHL
Philippines,PHL
Philippines,PHL
Philippines,PHL
Philippines,PHL
Philippines,PHL
Philippines,PHL
Philippines,PHL
Philippines,PHL
Philippines,PHL
Philippines,PHL
Philippines,PHL
Philippines,PHL
Philippines,PHL
Philippines,PHL
Philippines,PHL
Philippines,PHL
Philippines,PHL
Philippines,PHL
Philippines,PHL
Philippines,PHL
Philippines,PHL
Philippines,PHL
Philippines,PHL
Philippines,PHL
Philippines,PHL
Philippines,PHL
Philippines,PHL
Philippines,PHL
Philippines,PHL
Philippines,PHL
Philippines,PHL
Philippines,PHL
Philippines,PHL
Philippines,PHL
South Korea,KOR
South Korea,KOR
South Korea,KOR
South Korea,KOR
South Korea,KOR
South Korea,KOR
South Korea,KOR
South Korea,KOR
South Korea,KOR
South Korea,KOR
South Korea,KOR
South Korea,KOR
South Korea,KOR
South Korea,KOR
South Korea,KOR
South Korea,KOR
South Korea,KOR
South Korea,KOR
South Korea,KOR
South Korea,KOR
South Korea,KOR
South Korea,KOR
South Korea,KOR
South Korea,KOR
South Korea,KOR
South Korea,KOR
South Korea,KOR
South Korea,KOR
South Korea,KOR
South Korea,KOR
South Korea,KOR
South Korea,KOR
South Korea,KOR
South Korea,KOR
South Korea,KOR
South Korea,KOR
South Korea,KOR
South Korea,KOR
South Korea,KOR
South Korea,KOR
South Korea,KOR
South Korea,KOR
South Korea,KOR
South Korea,KOR
South Korea,KOR
South Korea,KOR
South Korea,KOR
South Korea,KOR
South Korea,KOR
South Korea,KOR
South Korea,KOR
South Korea,KOR
South Korea,KOR
South Korea,KOR
South Korea,KOR
South Korea,KOR
South Korea,KOR
South Korea,KOR
South Korea,KOR
South Korea,KOR
South Korea,KOR
South Korea,KOR
South Korea,KOR
South Korea,KOR
South Korea,KOR
South Korea,KOR
South Korea,KOR
South Korea,KOR
South Korea,KOR
South Korea,KOR
South Korea,KOR
South Korea,KOR
South Korea,KOR
South Korea,KOR
South Korea,KOR
South Korea,KOR
South Korea,KOR
South Korea,KOR
South Korea,KOR
South Korea,KOR
South Korea,KOR
South Korea,KOR
South Korea,KOR
South Korea,KOR
South Korea,KOR
South Korea,KOR
South Korea,KOR
Rwanda,RWA
Rwanda,RWA
Rwanda,RWA
Rwanda,RWA
Rwanda,RWA
Rwanda,RWA
Rwanda,RWA
Rwanda,RWA
Rwanda,RWA
Rwanda,RWA
Rwanda,RWA
Rwanda,RWA
Rwanda,RWA
Rwanda,RWA
Rwanda,RWA
Rwanda,RWA
Rwanda,RWA
Rwanda,RWA
Rwanda,RWA
Rwanda,RWA
Rwanda,RWA
Rwanda,RWA
Rwanda,RWA
Rwanda,RWA
Rwanda,RWA
Rwanda,RWA
Rwanda,RWA
Rwanda,RWA
Rwanda,RWA
Rwanda,RWA
Rwanda,RWA
Rwanda,RWA
Rwanda,RWA
Rwanda,RWA
Rwanda,RWA
Rwanda,RWA
Rwanda,RWA
Rwanda,RWA
Rwanda,RWA
Rwanda,RWA
Rwanda,RWA
Rwanda,RWA
Rwanda,RWA
Rwanda,RWA
Rwanda,RWA
Rwanda,RWA
Rwanda,RWA
Rwanda,RWA
Rwanda,RWA
Rwanda,RWA
Rwanda,RWA
Rwanda,RWA
Rwanda,RWA
Rwanda,RWA
Rwanda,RWA
Rwanda,RWA
Rwanda,RWA
Rwanda,RWA
Rwanda,RWA
Rwanda,RWA
Rwanda,RWA
Rwanda,RWA
Rwanda,RWA
Rwanda,RWA
Rwanda,RWA
Rwanda,RWA
Rwanda,RWA
Rwanda,RWA
Rwanda,RWA
Rwanda,RWA
Rwanda,RWA
Rwanda,RWA
Rwanda,RWA
Rwanda,RWA
Rwanda,RWA
Rwanda,RWA
Rwanda,RWA
Rwanda,RWA
Rwanda,RWA
Rwanda,RWA
Rwanda,RWA
Rwanda,RWA
Rwanda,RWA
Rwanda,RWA
Rwanda,RWA
Rwanda,RWA
Rwanda,RWA
Senegal,SEN
Senegal,SEN
Senegal,SEN
Senegal,SEN
Senegal,SEN
Senegal,SEN
Senegal,SEN
Senegal,SEN
Senegal,SEN
Senegal,SEN
Senegal,SEN
Senegal,SEN
Senegal,SEN
Senegal,SEN
Senegal,SEN
Senegal,SEN
Senegal,SEN
Senegal,SEN
Senegal,SEN
Senegal,SEN
Senegal,SEN
Senegal,SEN
Senegal,SEN
Senegal,SEN
Senegal,SEN
Senegal,SEN
Senegal,SEN
Senegal,SEN
Senegal,SEN
Senegal,SEN
Senegal,SEN
Senegal,SEN
Senegal,SEN
Senegal,SEN
Senegal,SEN
Senegal,SEN
Senegal,SEN
Senegal,SEN
Senegal,SEN
Senegal,SEN
Senegal,SEN
Senegal,SEN
Senegal,SEN
Senegal,SEN
Senegal,SEN
Senegal,SEN
Senegal,SEN
Senegal,SEN
Senegal,SEN
Senegal,SEN
Senegal,SEN
Senegal,SEN
Senegal,SEN
Senegal,SEN
Senegal,SEN
Senegal,SEN
Senegal,SEN
Senegal,SEN
Senegal,SEN
Senegal,SEN
Senegal,SEN
Senegal,SEN
Senegal,SEN
Senegal,SEN
Senegal,SEN
Senegal,SEN
Senegal,SEN
Senegal,SEN
Senegal,SEN
Senegal,SEN
Senegal,SEN
Senegal,SEN
Senegal,SEN
Senegal,SEN
Senegal,SEN
Senegal,SEN
Senegal,SEN
Senegal,SEN
Senegal,SEN
Senegal,SEN
Senegal,SEN
Senegal,SEN
Senegal,SEN
Senegal,SEN
Senegal,SEN
Senegal,SEN
Senegal,SEN
Singapore,SGP
Singapore,SGP
Singapore,SGP
Singapore,SGP
Singapore,SGP
Singapore,SGP
Singapore,SGP
Singapore,SGP
Singapore,SGP
Singapore,SGP
Singapore,SGP
Singapore,SGP
Singapore,SGP
Singapore,SGP
Singapore,SGP
Singapore,SGP
Singapore,SGP
Singapore,SGP
Singapore,SGP
Singapore,SGP
Singapore,SGP
Singapore,SGP
Singapore,SGP
Singapore,SGP
Singapore,SGP
Singapore,SGP
Singapore,SGP
Singapore,SGP
Singapore,SGP
Singapore,SGP
Singapore,SGP
Singapore,SGP
Singapore,SGP
Singapore,SGP
Singapore,SGP
Singapore,SGP
Singapore,SGP
Singapore,SGP
Singapore,SGP
Singapore,SGP
Singapore,SGP
Singapore,SGP
Singapore,SGP
Singapore,SGP
Singapore,SGP
Singapore,SGP
Singapore,SGP
Singapore,SGP
Singapore,SGP
Singapore,SGP
Singapore,SGP
Singapore,SGP
Singapore,SGP
Singapore,SGP
Singapore,SGP
Singapore,SGP
Singapore,SGP
Singapore,SGP
Singapore,SGP
Singapore,SGP
Singapore,SGP
Singapore,SGP
Singapore,SGP
Singapore,SGP
Singapore,SGP
Singapore,SGP
Singapore,SGP
Singapore,SGP
Singapore,SGP
Singapore,SGP
Singapore,SGP
Singapore,SGP
Singapore,SGP
Singapore,SGP
Singapore,SGP
Singapore,SGP
Singapore,SGP
Singapore,SGP
Singapore,SGP
Singapore,SGP
Singapore,SGP
Singapore,SGP
Singapore,SGP
Singapore,SGP
Singapore,SGP
Singapore,SGP
Singapore,SGP
South Africa,ZAF
South Africa,ZAF
South Africa,ZAF
South Africa,ZAF
South Africa,ZAF
South Africa,ZAF
South Africa,ZAF
South Africa,ZAF
South Africa,ZAF
South Africa,ZAF
South Africa,ZAF
South Africa,ZAF
South Africa,ZAF
South Africa,ZAF
South Africa,ZAF
South Africa,ZAF
South Africa,ZAF
South Africa,ZAF
South Africa,ZAF
South Africa,ZAF
South Africa,ZAF
South Africa,ZAF
South Africa,ZAF
South Africa,ZAF
South Africa,ZAF
South Africa,ZAF
South Africa,ZAF
South Africa,ZAF
South Africa,ZAF
South Africa,ZAF
South Africa,ZAF
South Africa,ZAF
South Africa,ZAF
South Africa,ZAF
South Africa,ZAF
South Africa,ZAF
South Africa,ZAF
South Africa,ZAF
South Africa,ZAF
South Africa,ZAF
South Africa,ZAF
South Africa,ZAF
South Africa,ZAF
South Africa,ZAF
South Africa,ZAF
South Africa,ZAF
South Africa,ZAF
South Africa,ZAF
South Africa,ZAF
South Africa,ZAF
South Africa,ZAF
South Africa,ZAF
South Africa,ZAF
South Africa,ZAF
South Africa,ZAF
South Africa,ZAF
South Africa,ZAF
South Africa,ZAF
South Africa,ZAF
South Africa,ZAF
South Africa,ZAF
South Africa,ZAF
South Africa,ZAF
South Africa,ZAF
South Africa,ZAF
South Africa,ZAF
South Africa,ZAF
South Africa,ZAF
South Africa,ZAF
South Africa,ZAF
South Africa,ZAF
South Africa,ZAF
South Africa,ZAF
South Africa,ZAF
South Africa,ZAF
South Africa,ZAF
South Africa,ZAF
South Africa,ZAF
South Africa,ZAF
South Africa,ZAF
South Africa,ZAF
South Africa,ZAF
South Africa,ZAF
South Africa,ZAF
South Africa,ZAF
South Africa,ZAF
South Africa,ZAF
Sri Lanka,LKA
Sri Lanka,LKA
Sri Lanka,LKA
Sri Lanka,LKA
Sri Lanka,LKA
Sri Lanka,LKA
Sri Lanka,LKA
Sri Lanka,LKA
Sri Lanka,LKA
Sri Lanka,LKA
Sri Lanka,LKA
Sri Lanka,LKA
Sri Lanka,LKA
Sri Lanka,LKA
Sri Lanka,LKA
Sri Lanka,LKA
Sri Lanka,LKA
Sri Lanka,LKA
Sri Lanka,LKA
Sri Lanka,LKA
Sri Lanka,LKA
Sri Lanka,LKA
Sri Lanka,LKA
Sri Lanka,LKA
Sri Lanka,LKA
Sri Lanka,LKA
Sri Lanka,LKA
Sri Lanka,LKA
Sri Lanka,LKA
Sri Lanka,LKA
Sri Lanka,LKA
Sri Lanka,LKA
Sri Lanka,LKA
Sri Lanka,LKA
Sri Lanka,LKA
Sri Lanka,LKA
Sri Lanka,LKA
Sri Lanka,LKA
Sri Lanka,LKA
Sri Lanka,LKA
Sri Lanka,LKA
Sri Lanka,LKA
Sri Lanka,LKA
Sri Lanka,LKA
Sri Lanka,LKA
Sri Lanka,LKA
Sri Lanka,LKA
Sri Lanka,LKA
Sri Lanka,LKA
Sri Lanka,LKA
Sri Lanka,LKA
Sri Lanka,LKA
Sri Lanka,LKA
Sri Lanka,LKA
Sri Lanka,LKA
Sri Lanka,LKA
Sri Lanka,LKA
Sri Lanka,LKA
Sri Lanka,LKA
Sri Lanka,LKA
Sri Lanka,LKA
Sri Lanka,LKA
Sri Lanka,LKA
Sri Lanka,LKA
Sri Lanka,LKA
Sri Lanka,LKA
Sri Lanka,LKA
Sri Lanka,LKA
Sri Lanka,LKA
Sri Lanka,LKA
Sri Lanka,LKA
Sri Lanka,LKA
Sri Lanka,LKA
Sri Lanka,LKA
Sri Lanka,LKA
Sri Lanka,LKA
Sri Lanka,LKA
Sri Lanka,LKA
Sri Lanka,LKA
Sri Lanka,LKA
Sri Lanka,LKA
Sri Lanka,LKA
Sri Lanka,LKA
Sri Lanka,LKA
Sri Lanka,LKA
Sri Lanka,LKA
Sri Lanka,LKA
United Republic of Tanzania,TZA
United Republic of Tanzania,TZA
United Republic of Tanzania,TZA
United Republic of Tanzania,TZA
United Republic of Tanzania,TZA
United Republic of Tanzania,TZA
United Republic of Tanzania,TZA
United Republic of Tanzania,TZA
United Republic of Tanzania,TZA
United Republic of Tanzania,TZA
United Republic of Tanzania,TZA
United Republic of Tanzania,TZA
United Republic of Tanzania,TZA
United Republic of Tanzania,TZA
United Republic of Tanzania,TZA
United Republic of Tanzania,TZA
United Republic of Tanzania,TZA
United Republic of Tanzania,TZA
United Republic of Tanzania,TZA
United Republic of Tanzania,TZA
United Republic of Tanzania,TZA
United Republic of Tanzania,TZA
United Republic of Tanzania,TZA
United Republic of Tanzania,TZA
United Republic of Tanzania,TZA
United Republic of Tanzania,TZA
United Republic of Tanzania,TZA
United Republic of Tanzania,TZA
United Republic of Tanzania,TZA
United Republic of Tanzania,TZA
United Republic of Tanzania,TZA
United Republic of Tanzania,TZA
United Republic of Tanzania,TZA
United Republic of Tanzania,TZA
United Republic of Tanzania,TZA
United Republic of Tanzania,TZA
United Republic of Tanzania,TZA
United Republic of Tanzania,TZA
United Republic of Tanzania,TZA
United Republic of Tanzania,TZA
United Republic of Tanzania,TZA
United Republic of Tanzania,TZA
United Republic of Tanzania,TZA
United Republic of Tanzania,TZA
United Republic of Tanzania,TZA
United Republic of Tanzania,TZA
United Republic of Tanzania,TZA
United Republic of Tanzania,TZA
United Republic of Tanzania,TZA
United Republic of Tanzania,TZA
United Republic of Tanzania,TZA
United Republic of Tanzania,TZA
United Republic of Tanzania,TZA
United Republic of Tanzania,TZA
United Republic of Tanzania,TZA
United Republic of Tanzania,TZA
United Republic of Tanzania,TZA
United Republic of Tanzania,TZA
United Republic of Tanzania,TZA
United Republic of Tanzania,TZA
United Republic of Tanzania,TZA
United Republic of Tanzania,TZA
United Republic of Tanzania,TZA
United Republic of Tanzania,TZA
United Republic of Tanzania,TZA
United Republic of Tanzania,TZA
United Republic of Tanzania,TZA
United Republic of Tanzania,TZA
United Republic of Tanzania,TZA
United Republic of Tanzania,TZA
United Republic of Tanzania,TZA
United Republic of Tanzania,TZA
United Republic of Tanzania,TZA
United Republic of Tanzania,TZA
United Republic of Tanzania,TZA
United Republic of Tanzania,TZA
United Republic of Tanzania,TZA
United Republic of Tanzania,TZA
United Republic of Tanzania,TZA
United Republic of Tanzania,TZA
United Republic of Tanzania,TZA
United Republic of Tanzania,TZA
United Republic of Tanzania,TZA
United Republic of Tanzania,TZA
United Republic of Tanzania,TZA
United Republic of Tanzania,TZA
United Republic of Tanzania,TZA
Thailand,THA
Thailand,THA
Thailand,THA
Thailand,THA
Thailand,THA
Thailand,THA
Thailand,THA
Thailand,THA
Thailand,THA
Thailand,THA
Thailand,THA
Thailand,THA
Thailand,THA
Thailand,THA
Thailand,THA
Thailand,THA
Thailand,THA
Thailand,THA
Thailand,THA
Thailand,THA
Thailand,THA
Thailand,THA
Thailand,THA
Thailand,THA
Thailand,THA
Thailand,THA
Thailand,THA
Thailand,THA
Thailand,THA
Thailand,THA
Thailand,THA
Thailand,THA
Thailand,THA
Thailand,THA
Thailand,THA
Thailand,THA
Thailand,THA
Thailand,THA
Thailand,THA
Thailand,THA
Thailand,THA
Thailand,THA
Thailand,THA
Thailand,THA
Thailand,THA
Thailand,THA
Thailand,THA
Thailand,THA
Thailand,THA
Thailand,THA
Thailand,THA
Thailand,THA
Thailand,THA
Thailand,THA
Thailand,THA
Thailand,THA
Thailand,THA
Thailand,THA
Thailand,THA
Thailand,THA
Thailand,THA
Thailand,THA
Thailand,THA
Thailand,THA
Thailand,THA
Thailand,THA
Thailand,THA
Thailand,THA
Thailand,THA
Thailand,THA
Thailand,THA
Thailand,THA
Thailand,THA
Thailand,THA
Thailand,THA
Thailand,THA
Thailand,THA
Thailand,THA
Thailand,THA
Thailand,THA
Thailand,THA
Thailand,THA
Thailand,THA
Thailand,THA
Thailand,THA
Thailand,THA
Thailand,THA
Tunisia,TUN
Tunisia,TUN
Tunisia,TUN
Tunisia,TUN
Tunisia,TUN
Tunisia,TUN
Tunisia,TUN
Tunisia,TUN
Tunisia,TUN
Tunisia,TUN
Tunisia,TUN
Tunisia,TUN
Tunisia,TUN
Tunisia,TUN
Tunisia,TUN
Tunisia,TUN
Tunisia,TUN
Tunisia,TUN
Tunisia,TUN
Tunisia,TUN
Tunisia,TUN
Tunisia,TUN
Tunisia,TUN
Tunisia,TUN
Tunisia,TUN
Tunisia,TUN
Tunisia,TUN
Tunisia,TUN
Tunisia,TUN
Tunisia,TUN
Tunisia,TUN
Tunisia,TUN
Tunisia,TUN
Tunisia,TUN
Tunisia,TUN
Tunisia,TUN
Tunisia,TUN
Tunisia,TUN
Tunisia,TUN
Tunisia,TUN
Tunisia,TUN
Tunisia,TUN
Tunisia,TUN
Tunisia,TUN
Tunisia,TUN
Tunisia,TUN
Tunisia,TUN
Tunisia,TUN
Tunisia,TUN
Tunisia,TUN
Tunisia,TUN
Tunisia,TUN
Tunisia,TUN
Tunisia,TUN
Tunisia,TUN
Tunisia,TUN
Tunisia,TUN
Tunisia,TUN
Tunisia,TUN
Tunisia,TUN
Tunisia,TUN
Tunisia,TUN
Tunisia,TUN
Tunisia,TUN
Tunisia,TUN
Tunisia,TUN
Tunisia,TUN
Tunisia,TUN
Tunisia,TUN
Tunisia,TUN
Tunisia,TUN
Tunisia,TUN
Tunisia,TUN
Tunisia,TUN
Tunisia,TUN
Tunisia,TUN
Tunisia,TUN
Tunisia,TUN
Tunisia,TUN
Tunisia,TUN
Tunisia,TUN
Tunisia,TUN
Tunisia,TUN
Tunisia,TUN
Tunisia,TUN
Tunisia,TUN
Tunisia,TUN
Turkey,TUR
Turkey,TUR
Turkey,TUR
Turkey,TUR
Turkey,TUR
Turkey,TUR
Turkey,TUR
Turkey,TUR
Turkey,TUR
Turkey,TUR
Turkey,TUR
Turkey,TUR
Turkey,TUR
Turkey,TUR
Turkey,TUR
Turkey,TUR
Turkey,TUR
Turkey,TUR
Turkey,TUR
Turkey,TUR
Turkey,TUR
Turkey,TUR
Turkey,TUR
Turkey,TUR
Turkey,TUR
Turkey,TUR
Turkey,TUR
Turkey,TUR
Turkey,TUR
Turkey,TUR
Turkey,TUR
Turkey,TUR
Turkey,TUR
Turkey,TUR
Turkey,TUR
Turkey,TUR
Turkey,TUR
Turkey,TUR
Turkey,TUR
Turkey,TUR
Turkey,TUR
Turkey,TUR
Turkey,TUR
Turkey,TUR
Turkey,TUR
Turkey,TUR
Turkey,TUR
Turkey,TUR
Turkey,TUR
Turkey,TUR
Turkey,TUR
Turkey,TUR
Turkey,TUR
Turkey,TUR
Turkey,TUR
Turkey,TUR
Turkey,TUR
Turkey,TUR
Turkey,TUR
Turkey,TUR
Turkey,TUR
Turkey,TUR
Turkey,TUR
Turkey,TUR
Turkey,TUR
Turkey,TUR
Turkey,TUR
Turkey,TUR
Turkey,TUR
Turkey,TUR
Turkey,TUR
Turkey,TUR
Turkey,TUR
Turkey,TUR
Turkey,TUR
Turkey,TUR
Turkey,TUR
Turkey,TUR
Turkey,TUR
Turkey,TUR
Turkey,TUR
Turkey,TUR
Turkey,TUR
Turkey,TUR
Turkey,TUR
Turkey,TUR
Turkey,TUR
Uganda,UGA
Uganda,UGA
Uganda,UGA
Uganda,UGA
Uganda,UGA
Uganda,UGA
Uganda,UGA
Uganda,UGA
Uganda,UGA
Uganda,UGA
Uganda,UGA
Uganda,UGA
Uganda,UGA
Uganda,UGA
Uganda,UGA
Uganda,UGA
Uganda,UGA
Uganda,UGA
Uganda,UGA
Uganda,UGA
Uganda,UGA
Uganda,UGA
Uganda,UGA
Uganda,UGA
Uganda,UGA
Uganda,UGA
Uganda,UGA
Uganda,UGA
Uganda,UGA
Uganda,UGA
Uganda,UGA
Uganda,UGA
Uganda,UGA
Uganda,UGA
Uganda,UGA
Uganda,UGA
Uganda,UGA
Uganda,UGA
Uganda,UGA
Uganda,UGA
Uganda,UGA
Uganda,UGA
Uganda,UGA
Uganda,UGA
Uganda,UGA
Uganda,UGA
Uganda,UGA
Uganda,UGA
Uganda,UGA
Uganda,UGA
Uganda,UGA
Uganda,UGA
Uganda,UGA
Uganda,UGA
Uganda,UGA
Uganda,UGA
Uganda,UGA
Uganda,UGA
Uganda,UGA
Uganda,UGA
Uganda,UGA
Uganda,UGA
Uganda,UGA
Uganda,UGA
Uganda,UGA
Uganda,UGA
Uganda,UGA
Uganda,UGA
Uganda,UGA
Uganda,UGA
Uganda,UGA
Uganda,UGA
Uganda,UGA
Uganda,UGA
Uganda,UGA
Uganda,UGA
Uganda,UGA
Uganda,UGA
Uganda,UGA
Uganda,UGA
Uganda,UGA
Uganda,UGA
Uganda,UGA
Uganda,UGA
Uganda,UGA
Uganda,UGA
Uganda,UGA
Vietnam,VNM
Vietnam,VNM
Vietnam,VNM
Vietnam,VNM
Vietnam,VNM
Vietnam,VNM
Vietnam,VNM
Vietnam,VNM
Vietnam,VNM
Vietnam,VNM
Vietnam,VNM
Vietnam,VNM
Vietnam,VNM
Vietnam,VNM
Vietnam,VNM
Vietnam,VNM
Vietnam,VNM
Vietnam,VNM
Vietnam,VNM
Vietnam,VNM
Vietnam,VNM
Vietnam,VNM
Vietnam,VNM
Vietnam,VNM
Vietnam,VNM
Vietnam,VNM
Vietnam,VNM
Vietnam,VNM
Vietnam,VNM
Vietnam,VNM
Vietnam,VNM
Vietnam,VNM
Vietnam,VNM
Vietnam,VNM
Vietnam,VNM
Vietnam,VNM
Vietnam,VNM
Vietnam,VNM
Vietnam,VNM
Vietnam,VNM
Vietnam,VNM
Vietnam,VNM
Vietnam,VNM
Vietnam,VNM
Vietnam,VNM
Vietnam,VNM
Vietnam,VNM
Vietnam,VNM
Vietnam,VNM
Vietnam,VNM
Vietnam,VNM
Vietnam,VNM
Vietnam,VNM
Vietnam,VNM
Vietnam,VNM
Vietnam,VNM
Vietnam,VNM
Vietnam,VNM
Vietnam,VNM
Vietnam,VNM
Vietnam,VNM
Vietnam,VNM
Vietnam,VNM
Vietnam,VNM
Vietnam,VNM
Vietnam,VNM
Vietnam,VNM
Vietnam,VNM
Vietnam,VNM
Vietnam,VNM
Vietnam,VNM
Vietnam,VNM
Vietnam,VNM
Vietnam,VNM
Vietnam,VNM
Vietnam,VNM
Vietnam,VNM
Vietnam,VNM
Vietnam,VNM
Vietnam,VNM
Vietnam,VNM
Vietnam,VNM
Vietnam,VNM
Vietnam,VNM
Vietnam,VNM
Vietnam,VNM
Vietnam,VNM
Zambia,ZMB
Zambia,ZMB
Zambia,ZMB
Zambia,ZMB
Zambia,ZMB
Zambia,ZMB
Zambia,ZMB
Zambia,ZMB
Zambia,ZMB
Zambia,ZMB
Zambia,ZMB
Zambia,ZMB
Zambia,ZMB
Zambia,ZMB
Zambia,ZMB
Zambia,ZMB
Zambia,ZMB
Zambia,ZMB
Zambia,ZMB
Zambia,ZMB
Zambia,ZMB
Zambia,ZMB
Zambia,ZMB
Zambia,ZMB
Zambia,ZMB
Zambia,ZMB
Zambia,ZMB
Zambia,ZMB
Zambia,ZMB
Zambia,ZMB
Zambia,ZMB
Zambia,ZMB
Zambia,ZMB
Zambia,ZMB
Zambia,ZMB
Zambia,ZMB
Zambia,ZMB
Zambia,ZMB
Zambia,ZMB
Zambia,ZMB
Zambia,ZMB
Zambia,ZMB
Zambia,ZMB
Zambia,ZMB
Zambia,ZMB
Zambia,ZMB
Zambia,ZMB
Zambia,ZMB
Zambia,ZMB
Zambia,ZMB
Zambia,ZMB
Zambia,ZMB
Zambia,ZMB
Zambia,ZMB
Zambia,ZMB
Zambia,ZMB
Zambia,ZMB
Zambia,ZMB
Zambia,ZMB
Zambia,ZMB
Zambia,ZMB
Zambia,ZMB
Zambia,ZMB
Zambia,ZMB
Zambia,ZMB
Zambia,ZMB
Zambia,ZMB
Zambia,ZMB
Zambia,ZMB
Zambia,ZMB
Zambia,ZMB
Zambia,ZMB
Zambia,ZMB
Zambia,ZMB
Zambia,ZMB
Zambia,ZMB
Zambia,ZMB
Zambia,ZMB
Zambia,ZMB
Zambia,ZMB
Zambia,ZMB
Zambia,ZMB
Zambia,ZMB
Zambia,ZMB
Zambia,ZMB
Zambia,ZMB
Zambia,ZMB
